"nftId","uri","image","metadata"
"craftyourworld-0000","https://craftyourworld-book-nft.s3.amazonaws.com/webp/0.json","https://craftyourworld-book-nft.s3.amazonaws.com/webp/Craftyourworld-cover-3-4-5-0.webp","{""name"":""Craft your world: Create a life worth living through entrepreneurship"",""description"":""#0000"",""fileName"":""Craftyourworld-cover-3-4-5-0"",""ipfs_hash"":""https://ipfs.io/ipfs/bafybeic52asfvzeftzb6zznfs6sqzklhdflq2vfwffjkrlg5curlb5t3xm"",""attributes"":{""icon"":""Cessna"",""bgColor"":""Tea Green"",""backdrop"":""Wave"",""signature"":""None""}}"
"craftyourworld-0001","https://craftyourworld-book-nft.s3.amazonaws.com/webp/1.json","https://craftyourworld-book-nft.s3.amazonaws.com/webp/Craftyourworld-cover-2-4-4-0.webp","{""name"":""Craft your world: Create a life worth living through entrepreneurship"",""description"":""#0001"",""fileName"":""Craftyourworld-cover-2-4-4-0"",""ipfs_hash"":""https://ipfs.io/ipfs/bafybeifof4ksclbcame4c3mm7o5t3vxqrq4qr43q5ckbuh7dbasdb3tkpi"",""attributes"":{""icon"":""Jet"",""bgColor"":""Tea Green"",""backdrop"":""World"",""signature"":""None""}}"
"craftyourworld-0002","https://craftyourworld-book-nft.s3.amazonaws.com/webp/2.json","https://craftyourworld-book-nft.s3.amazonaws.com/webp/Craftyourworld-cover-3-1-0-0.webp","{""name"":""Craft your world: Create a life worth living through entrepreneurship"",""description"":""#0002"",""fileName"":""Craftyourworld-cover-3-1-0-0"",""ipfs_hash"":""https://ipfs.io/ipfs/bafybeiazp4h3aj2xfd5tyflglc6qkqobculknq7s7t4lmat4pjp3yormnm"",""attributes"":{""icon"":""Cessna"",""bgColor"":""Melon"",""backdrop"":""None"",""signature"":""None""}}"
"craftyourworld-0003","https://craftyourworld-book-nft.s3.amazonaws.com/webp/3.json","https://craftyourworld-book-nft.s3.amazonaws.com/webp/Craftyourworld-cover-3-0-6-0.webp","{""name"":""Craft your world: Create a life worth living through entrepreneurship"",""description"":""#0003"",""fileName"":""Craftyourworld-cover-3-0-6-0"",""ipfs_hash"":""https://ipfs.io/ipfs/bafybeienovublqworzhpqr2plbrfvaqwr75jxhhapece3vmbis4cms52ha"",""attributes"":{""icon"":""Cessna"",""bgColor"":""Aureolin"",""backdrop"":""Arrow"",""signature"":""None""}}"
"craftyourworld-0004","https://craftyourworld-book-nft.s3.amazonaws.com/webp/4.json","https://craftyourworld-book-nft.s3.amazonaws.com/webp/Craftyourworld-cover-4-4-5-0.webp","{""name"":""Craft your world: Create a life worth living through entrepreneurship"",""description"":""#0004"",""fileName"":""Craftyourworld-cover-4-4-5-0"",""ipfs_hash"":""https://ipfs.io/ipfs/bafybeihgy7dypev5qgoxlf347knilgqz4odbjqbqnlqx6a764hobv24j5u"",""attributes"":{""icon"":""Rocket"",""bgColor"":""Tea Green"",""backdrop"":""Wave"",""signature"":""None""}}"
"craftyourworld-0005","https://craftyourworld-book-nft.s3.amazonaws.com/webp/5.json","https://craftyourworld-book-nft.s3.amazonaws.com/webp/Craftyourworld-cover-2-0-6-0.webp","{""name"":""Craft your world: Create a life worth living through entrepreneurship"",""description"":""#0005"",""fileName"":""Craftyourworld-cover-2-0-6-0"",""ipfs_hash"":""https://ipfs.io/ipfs/bafybeic2iy2dczcyaq53ikprfenfxrdypkhdciqf54wxgi3eces6zc5ttm"",""attributes"":{""icon"":""Jet"",""bgColor"":""Aureolin"",""backdrop"":""Arrow"",""signature"":""None""}}"
"craftyourworld-0006","https://craftyourworld-book-nft.s3.amazonaws.com/webp/6.json","https://craftyourworld-book-nft.s3.amazonaws.com/webp/Craftyourworld-cover-4-1-0-0.webp","{""name"":""Craft your world: Create a life worth living through entrepreneurship"",""description"":""#0006"",""fileName"":""Craftyourworld-cover-4-1-0-0"",""ipfs_hash"":""https://ipfs.io/ipfs/bafybeicmhqznla277jj4b4mnzzsl5csqera42hhcpoe4tbo6hht3y7mqua"",""attributes"":{""icon"":""Rocket"",""bgColor"":""Melon"",""backdrop"":""None"",""signature"":""None""}}"
"craftyourworld-0007","https://craftyourworld-book-nft.s3.amazonaws.com/webp/7.json","https://craftyourworld-book-nft.s3.amazonaws.com/webp/Craftyourworld-cover-1-4-4-0.webp","{""name"":""Craft your world: Create a life worth living through entrepreneurship"",""description"":""#0007"",""fileName"":""Craftyourworld-cover-1-4-4-0"",""ipfs_hash"":""https://ipfs.io/ipfs/bafybeibozqmgc4q4yensbkjku6ued62z57drfqm66gh7b5klj3advh4jjq"",""attributes"":{""icon"":""Formular1"",""bgColor"":""Tea Green"",""backdrop"":""World"",""signature"":""None""}}"
"craftyourworld-0008","https://craftyourworld-book-nft.s3.amazonaws.com/webp/8.json","https://craftyourworld-book-nft.s3.amazonaws.com/webp/Craftyourworld-cover-4-0-6-0.webp","{""name"":""Craft your world: Create a life worth living through entrepreneurship"",""description"":""#0008"",""fileName"":""Craftyourworld-cover-4-0-6-0"",""ipfs_hash"":""https://ipfs.io/ipfs/bafybeigl34xkktk2u55z5x2vrhlvbaa2lksr4gcddbxuf4x5f3spdpisum"",""attributes"":{""icon"":""Rocket"",""bgColor"":""Aureolin"",""backdrop"":""Arrow"",""signature"":""None""}}"
"craftyourworld-0009","https://craftyourworld-book-nft.s3.amazonaws.com/webp/9.json","https://craftyourworld-book-nft.s3.amazonaws.com/webp/Craftyourworld-cover-4-4-0-0.webp","{""name"":""Craft your world: Create a life worth living through entrepreneurship"",""description"":""#0009"",""fileName"":""Craftyourworld-cover-4-4-0-0"",""ipfs_hash"":""https://ipfs.io/ipfs/bafybeihmu6ah4n46dumqjixoy6gfkqh3nhj65avznongea24yb563fefhy"",""attributes"":{""icon"":""Rocket"",""bgColor"":""Tea Green"",""backdrop"":""None"",""signature"":""None""}}"
"craftyourworld-0010","https://craftyourworld-book-nft.s3.amazonaws.com/webp/10.json","https://craftyourworld-book-nft.s3.amazonaws.com/webp/Craftyourworld-cover-3-1-5-0.webp","{""name"":""Craft your world: Create a life worth living through entrepreneurship"",""description"":""#0010"",""fileName"":""Craftyourworld-cover-3-1-5-0"",""ipfs_hash"":""https://ipfs.io/ipfs/bafybeihwhf33h2km2nz743e7u3nu2cneofeq56lsgc4q665rhzc6mueuii"",""attributes"":{""icon"":""Cessna"",""bgColor"":""Melon"",""backdrop"":""Wave"",""signature"":""None""}}"
"craftyourworld-0011","https://craftyourworld-book-nft.s3.amazonaws.com/webp/11.json","https://craftyourworld-book-nft.s3.amazonaws.com/webp/Craftyourworld-cover-3-2-6-0.webp","{""name"":""Craft your world: Create a life worth living through entrepreneurship"",""description"":""#0011"",""fileName"":""Craftyourworld-cover-3-2-6-0"",""ipfs_hash"":""https://ipfs.io/ipfs/bafybeiggvhgcim3nx6cwq455qvjayewjtoqq3kkk6q3dabqsj62nd5sgeu"",""attributes"":{""icon"":""Cessna"",""bgColor"":""Pale Azure"",""backdrop"":""Arrow"",""signature"":""None""}}"
"craftyourworld-0012","https://craftyourworld-book-nft.s3.amazonaws.com/webp/12.json","https://craftyourworld-book-nft.s3.amazonaws.com/webp/Craftyourworld-cover-0-3-6-0.webp","{""name"":""Craft your world: Create a life worth living through entrepreneurship"",""description"":""#0012"",""fileName"":""Craftyourworld-cover-0-3-6-0"",""ipfs_hash"":""https://ipfs.io/ipfs/bafybeihkx42lilgzllhuoqy4falr4cutamw6i52qi5mcd7nj6poeh25yka"",""attributes"":{""icon"":""Paper Plane"",""bgColor"":""Tea Rose"",""backdrop"":""Arrow"",""signature"":""None""}}"
"craftyourworld-0013","https://craftyourworld-book-nft.s3.amazonaws.com/webp/13.json","https://craftyourworld-book-nft.s3.amazonaws.com/webp/Craftyourworld-cover-3-3-4-2.webp","{""name"":""Craft your world: Create a life worth living through entrepreneurship"",""description"":""#0013"",""fileName"":""Craftyourworld-cover-3-3-4-2"",""ipfs_hash"":""https://ipfs.io/ipfs/bafybeiat7uq53jwqsbv4ahqfvp3x2zteob65mdc2txh724wvf3urnbjf4u"",""attributes"":{""icon"":""Cessna"",""bgColor"":""Tea Rose"",""backdrop"":""World"",""signature"":""Do what you love""}}"
"craftyourworld-0014","https://craftyourworld-book-nft.s3.amazonaws.com/webp/14.json","https://craftyourworld-book-nft.s3.amazonaws.com/webp/Craftyourworld-cover-0-4-6-0.webp","{""name"":""Craft your world: Create a life worth living through entrepreneurship"",""description"":""#0014"",""fileName"":""Craftyourworld-cover-0-4-6-0"",""ipfs_hash"":""https://ipfs.io/ipfs/bafybeiau36bxtdctlqlxca5a776hvecr7cxnwlabkxfw6uhhuec42skshi"",""attributes"":{""icon"":""Paper Plane"",""bgColor"":""Tea Green"",""backdrop"":""Arrow"",""signature"":""None""}}"
"craftyourworld-0015","https://craftyourworld-book-nft.s3.amazonaws.com/webp/15.json","https://craftyourworld-book-nft.s3.amazonaws.com/webp/Craftyourworld-cover-3-2-2-0.webp","{""name"":""Craft your world: Create a life worth living through entrepreneurship"",""description"":""#0015"",""fileName"":""Craftyourworld-cover-3-2-2-0"",""ipfs_hash"":""https://ipfs.io/ipfs/bafybeifyp4ufmabgeqz5sco24cokpmn3ybqhoztdhvxozsglekg7hvdpku"",""attributes"":{""icon"":""Cessna"",""bgColor"":""Pale Azure"",""backdrop"":""Hong Kong 2"",""signature"":""None""}}"
"craftyourworld-0016","https://craftyourworld-book-nft.s3.amazonaws.com/webp/16.json","https://craftyourworld-book-nft.s3.amazonaws.com/webp/Craftyourworld-cover-0-4-0-0.webp","{""name"":""Craft your world: Create a life worth living through entrepreneurship"",""description"":""#0016"",""fileName"":""Craftyourworld-cover-0-4-0-0"",""ipfs_hash"":""https://ipfs.io/ipfs/bafybeic2kpyu75hplxzh5cp4pwli34rflkbkrf6c5akho3cq7z7jbgvfse"",""attributes"":{""icon"":""Paper Plane"",""bgColor"":""Tea Green"",""backdrop"":""None"",""signature"":""None""}}"
"craftyourworld-0017","https://craftyourworld-book-nft.s3.amazonaws.com/webp/17.json","https://craftyourworld-book-nft.s3.amazonaws.com/webp/Craftyourworld-cover-3-3-6-0.webp","{""name"":""Craft your world: Create a life worth living through entrepreneurship"",""description"":""#0017"",""fileName"":""Craftyourworld-cover-3-3-6-0"",""ipfs_hash"":""https://ipfs.io/ipfs/bafybeietp5h5i2rrsjgnf4apxtkwrohsusu3xek62tvt6dw6q4vvzhry6y"",""attributes"":{""icon"":""Cessna"",""bgColor"":""Tea Rose"",""backdrop"":""Arrow"",""signature"":""None""}}"
"craftyourworld-0018","https://craftyourworld-book-nft.s3.amazonaws.com/webp/18.json","https://craftyourworld-book-nft.s3.amazonaws.com/webp/Craftyourworld-cover-1-3-4-0.webp","{""name"":""Craft your world: Create a life worth living through entrepreneurship"",""description"":""#0018"",""fileName"":""Craftyourworld-cover-1-3-4-0"",""ipfs_hash"":""https://ipfs.io/ipfs/bafybeihuhx7mniji5g6zhn6lxlejxt6rbtcsaf6t6k2rzqmruujo4vruam"",""attributes"":{""icon"":""Formular1"",""bgColor"":""Tea Rose"",""backdrop"":""World"",""signature"":""None""}}"
"craftyourworld-0019","https://craftyourworld-book-nft.s3.amazonaws.com/webp/19.json","https://craftyourworld-book-nft.s3.amazonaws.com/webp/Craftyourworld-cover-3-1-6-0.webp","{""name"":""Craft your world: Create a life worth living through entrepreneurship"",""description"":""#0019"",""fileName"":""Craftyourworld-cover-3-1-6-0"",""ipfs_hash"":""https://ipfs.io/ipfs/bafybeiegvbk76bwyespzubgayxivtrguhp467stdk7ukx3srwkxtulvnba"",""attributes"":{""icon"":""Cessna"",""bgColor"":""Melon"",""backdrop"":""Arrow"",""signature"":""None""}}"
"craftyourworld-0020","https://craftyourworld-book-nft.s3.amazonaws.com/webp/20.json","https://craftyourworld-book-nft.s3.amazonaws.com/webp/.DS_Store.webp","{""name"":""Craft your world: Create a life worth living through entrepreneurship"",""description"":""#0020"",""fileName"":"".DS_Store"",""attributes"":{}}"
"craftyourworld-0021","https://craftyourworld-book-nft.s3.amazonaws.com/webp/21.json","https://craftyourworld-book-nft.s3.amazonaws.com/webp/Craftyourworld-cover-0-3-4-0.webp","{""name"":""Craft your world: Create a life worth living through entrepreneurship"",""description"":""#0021"",""fileName"":""Craftyourworld-cover-0-3-4-0"",""ipfs_hash"":""https://ipfs.io/ipfs/bafybeibdtjf4adao67ec63ih4g2mc7ogw2khqifcsg2xq4iz6zvqgz6g2a"",""attributes"":{""icon"":""Paper Plane"",""bgColor"":""Tea Rose"",""backdrop"":""World"",""signature"":""None""}}"
"craftyourworld-0022","https://craftyourworld-book-nft.s3.amazonaws.com/webp/22.json","https://craftyourworld-book-nft.s3.amazonaws.com/webp/Craftyourworld-cover-0-2-6-0.webp","{""name"":""Craft your world: Create a life worth living through entrepreneurship"",""description"":""#0022"",""fileName"":""Craftyourworld-cover-0-2-6-0"",""ipfs_hash"":""https://ipfs.io/ipfs/bafybeieltihxpxeiqpj425mnppuxzwdlkxqts4ylv4i6o4zrih53rkobba"",""attributes"":{""icon"":""Paper Plane"",""bgColor"":""Pale Azure"",""backdrop"":""Arrow"",""signature"":""None""}}"
"craftyourworld-0023","https://craftyourworld-book-nft.s3.amazonaws.com/webp/23.json","https://craftyourworld-book-nft.s3.amazonaws.com/webp/Craftyourworld-cover-0-0-0-1.webp","{""name"":""Craft your world: Create a life worth living through entrepreneurship"",""description"":""#0023"",""fileName"":""Craftyourworld-cover-0-0-0-1"",""ipfs_hash"":""https://ipfs.io/ipfs/bafybeifz5wpe7i2rjjlvha6poeusytdu6pwtcijcw4mpffzx24hrwj4eyy"",""attributes"":{""icon"":""Paper Plane"",""bgColor"":""Aureolin"",""backdrop"":""None"",""signature"":""Know Yourself""}}"
"craftyourworld-0024","https://craftyourworld-book-nft.s3.amazonaws.com/webp/24.json","https://craftyourworld-book-nft.s3.amazonaws.com/webp/Craftyourworld-cover-2-1-0-0.webp","{""name"":""Craft your world: Create a life worth living through entrepreneurship"",""description"":""#0024"",""fileName"":""Craftyourworld-cover-2-1-0-0"",""ipfs_hash"":""https://ipfs.io/ipfs/bafybeihtqpokfnfuebipc5uzudcwzd4dnn4v7zj2zdfcf5bxj6vmtzg4fa"",""attributes"":{""icon"":""Jet"",""bgColor"":""Melon"",""backdrop"":""None"",""signature"":""None""}}"
"craftyourworld-0025","https://craftyourworld-book-nft.s3.amazonaws.com/webp/25.json","https://craftyourworld-book-nft.s3.amazonaws.com/webp/Craftyourworld-cover-0-4-1-0.webp","{""name"":""Craft your world: Create a life worth living through entrepreneurship"",""description"":""#0025"",""fileName"":""Craftyourworld-cover-0-4-1-0"",""ipfs_hash"":""https://ipfs.io/ipfs/bafybeigw27uqtdoilxokkb7gh6tfaz63slfdhkzjzb6yranwps34ifywu4"",""attributes"":{""icon"":""Paper Plane"",""bgColor"":""Tea Green"",""backdrop"":""Hong Kong 1"",""signature"":""None""}}"
"craftyourworld-0026","https://craftyourworld-book-nft.s3.amazonaws.com/webp/26.json","https://craftyourworld-book-nft.s3.amazonaws.com/webp/Craftyourworld-cover-2-0-5-0.webp","{""name"":""Craft your world: Create a life worth living through entrepreneurship"",""description"":""#0026"",""fileName"":""Craftyourworld-cover-2-0-5-0"",""ipfs_hash"":""https://ipfs.io/ipfs/bafybeif2d5sza7emzyhpe7vdmsbkpe6yq3gcm4trj7xaxl366crdgjittu"",""attributes"":{""icon"":""Jet"",""bgColor"":""Aureolin"",""backdrop"":""Wave"",""signature"":""None""}}"
"craftyourworld-0027","https://craftyourworld-book-nft.s3.amazonaws.com/webp/27.json","https://craftyourworld-book-nft.s3.amazonaws.com/webp/Craftyourworld-cover-2-3-6-0.webp","{""name"":""Craft your world: Create a life worth living through entrepreneurship"",""description"":""#0027"",""fileName"":""Craftyourworld-cover-2-3-6-0"",""ipfs_hash"":""https://ipfs.io/ipfs/bafybeihf63qbnbhazbrhqt3prhhh27carwksd3qgiarux34f5qtdo6qs4e"",""attributes"":{""icon"":""Jet"",""bgColor"":""Tea Rose"",""backdrop"":""Arrow"",""signature"":""None""}}"
"craftyourworld-0028","https://craftyourworld-book-nft.s3.amazonaws.com/webp/28.json","https://craftyourworld-book-nft.s3.amazonaws.com/webp/Craftyourworld-cover-2-0-3-0.webp","{""name"":""Craft your world: Create a life worth living through entrepreneurship"",""description"":""#0028"",""fileName"":""Craftyourworld-cover-2-0-3-0"",""ipfs_hash"":""https://ipfs.io/ipfs/bafybeibfbhy732mmj4bhu6b4dwr73jd53muuoki6idgx5sersddau7fki4"",""attributes"":{""icon"":""Jet"",""bgColor"":""Aureolin"",""backdrop"":""Washington DC"",""signature"":""None""}}"
"craftyourworld-0029","https://craftyourworld-book-nft.s3.amazonaws.com/webp/29.json","https://craftyourworld-book-nft.s3.amazonaws.com/webp/Craftyourworld-cover-2-1-3-1.webp","{""name"":""Craft your world: Create a life worth living through entrepreneurship"",""description"":""#0029"",""fileName"":""Craftyourworld-cover-2-1-3-1"",""ipfs_hash"":""https://ipfs.io/ipfs/bafybeicpj5ncifz5lryuse6yneo5nifjhx2n4awcwbudvnhzu24mjfdp7i"",""attributes"":{""icon"":""Jet"",""bgColor"":""Melon"",""backdrop"":""Washington DC"",""signature"":""Know Yourself""}}"
"craftyourworld-0030","https://craftyourworld-book-nft.s3.amazonaws.com/webp/30.json","https://craftyourworld-book-nft.s3.amazonaws.com/webp/Craftyourworld-cover-4-4-4-0.webp","{""name"":""Craft your world: Create a life worth living through entrepreneurship"",""description"":""#0030"",""fileName"":""Craftyourworld-cover-4-4-4-0"",""ipfs_hash"":""https://ipfs.io/ipfs/bafybeihmxmuqjtew5t3kwy3uf3rcjwi34xcjd334ikerrwanufo6daskga"",""attributes"":{""icon"":""Rocket"",""bgColor"":""Tea Green"",""backdrop"":""World"",""signature"":""None""}}"
"craftyourworld-0031","https://craftyourworld-book-nft.s3.amazonaws.com/webp/31.json","https://craftyourworld-book-nft.s3.amazonaws.com/webp/Craftyourworld-cover-3-0-5-0.webp","{""name"":""Craft your world: Create a life worth living through entrepreneurship"",""description"":""#0031"",""fileName"":""Craftyourworld-cover-3-0-5-0"",""ipfs_hash"":""https://ipfs.io/ipfs/bafybeibmakvtixnmb3vxgz2r53nkkjh2r5ipcvv4swv56fscgyrqphxsra"",""attributes"":{""icon"":""Cessna"",""bgColor"":""Aureolin"",""backdrop"":""Wave"",""signature"":""None""}}"
"craftyourworld-0032","https://craftyourworld-book-nft.s3.amazonaws.com/webp/32.json","https://craftyourworld-book-nft.s3.amazonaws.com/webp/Craftyourworld-cover-0-1-0-0.webp","{""name"":""Craft your world: Create a life worth living through entrepreneurship"",""description"":""#0032"",""fileName"":""Craftyourworld-cover-0-1-0-0"",""ipfs_hash"":""https://ipfs.io/ipfs/bafybeiec7n7dhq3erhl3fqdeu3vxv3gjz6mbzmqdnmhfvldgx7i6t4sqgm"",""attributes"":{""icon"":""Paper Plane"",""bgColor"":""Melon"",""backdrop"":""None"",""signature"":""None""}}"
"craftyourworld-0033","https://craftyourworld-book-nft.s3.amazonaws.com/webp/33.json","https://craftyourworld-book-nft.s3.amazonaws.com/webp/Craftyourworld-cover-0-0-0-0.webp","{""name"":""Craft your world: Create a life worth living through entrepreneurship"",""description"":""#0033"",""fileName"":""Craftyourworld-cover-0-0-0-0"",""ipfs_hash"":""https://ipfs.io/ipfs/bafybeidkyjtxvoo2nic2ba27g2zajow5ajzulm2llsv4bo3faixymcca6y"",""attributes"":{""icon"":""Paper Plane"",""bgColor"":""Aureolin"",""backdrop"":""None"",""signature"":""None""}}"
"craftyourworld-0034","https://craftyourworld-book-nft.s3.amazonaws.com/webp/34.json","https://craftyourworld-book-nft.s3.amazonaws.com/webp/Craftyourworld-cover-2-4-6-0.webp","{""name"":""Craft your world: Create a life worth living through entrepreneurship"",""description"":""#0034"",""fileName"":""Craftyourworld-cover-2-4-6-0"",""ipfs_hash"":""https://ipfs.io/ipfs/bafybeigpkv5qqj2ajqrzaz2pwz74woawbbq5bm4c2dye24r4ar3vtftway"",""attributes"":{""icon"":""Jet"",""bgColor"":""Tea Green"",""backdrop"":""Arrow"",""signature"":""None""}}"
"craftyourworld-0035","https://craftyourworld-book-nft.s3.amazonaws.com/webp/35.json","https://craftyourworld-book-nft.s3.amazonaws.com/webp/Craftyourworld-cover-4-0-0-0.webp","{""name"":""Craft your world: Create a life worth living through entrepreneurship"",""description"":""#0035"",""fileName"":""Craftyourworld-cover-4-0-0-0"",""ipfs_hash"":""https://ipfs.io/ipfs/bafybeidnpyi47pjkroqwo3eiswo2hyajioiejxcjht7kmqygppr5aoopgq"",""attributes"":{""icon"":""Rocket"",""bgColor"":""Aureolin"",""backdrop"":""None"",""signature"":""None""}}"
"craftyourworld-0036","https://craftyourworld-book-nft.s3.amazonaws.com/webp/36.json","https://craftyourworld-book-nft.s3.amazonaws.com/webp/Craftyourworld-cover-0-4-4-0.webp","{""name"":""Craft your world: Create a life worth living through entrepreneurship"",""description"":""#0036"",""fileName"":""Craftyourworld-cover-0-4-4-0"",""ipfs_hash"":""https://ipfs.io/ipfs/bafybeigi32p7oixi33z5y6n2divrfxjvxwfsed47uohgkh6hnpca4iduzm"",""attributes"":{""icon"":""Paper Plane"",""bgColor"":""Tea Green"",""backdrop"":""World"",""signature"":""None""}}"
"craftyourworld-0037","https://craftyourworld-book-nft.s3.amazonaws.com/webp/37.json","https://craftyourworld-book-nft.s3.amazonaws.com/webp/Craftyourworld-cover-2-4-2-0.webp","{""name"":""Craft your world: Create a life worth living through entrepreneurship"",""description"":""#0037"",""fileName"":""Craftyourworld-cover-2-4-2-0"",""ipfs_hash"":""https://ipfs.io/ipfs/bafybeifwwkmqcqbzmpgeb6te276yofhonr4uv4luh3s6kfvixergtok3yq"",""attributes"":{""icon"":""Jet"",""bgColor"":""Tea Green"",""backdrop"":""Hong Kong 2"",""signature"":""None""}}"
"craftyourworld-0038","https://craftyourworld-book-nft.s3.amazonaws.com/webp/38.json","https://craftyourworld-book-nft.s3.amazonaws.com/webp/Craftyourworld-cover-2-0-1-0.webp","{""name"":""Craft your world: Create a life worth living through entrepreneurship"",""description"":""#0038"",""fileName"":""Craftyourworld-cover-2-0-1-0"",""ipfs_hash"":""https://ipfs.io/ipfs/bafybeihtok3ixd7msx3lbxyoksdbzaljh3egcf5ulipmlih3ppsb72i4fq"",""attributes"":{""icon"":""Jet"",""bgColor"":""Aureolin"",""backdrop"":""Hong Kong 1"",""signature"":""None""}}"
"craftyourworld-0039","https://craftyourworld-book-nft.s3.amazonaws.com/webp/39.json","https://craftyourworld-book-nft.s3.amazonaws.com/webp/Craftyourworld-cover-3-4-6-0.webp","{""name"":""Craft your world: Create a life worth living through entrepreneurship"",""description"":""#0039"",""fileName"":""Craftyourworld-cover-3-4-6-0"",""ipfs_hash"":""https://ipfs.io/ipfs/bafybeigwirwr7vcynhirt5sgu7iipxuct6zosxjqm7cjiahrn7mzu6bpcy"",""attributes"":{""icon"":""Cessna"",""bgColor"":""Tea Green"",""backdrop"":""Arrow"",""signature"":""None""}}"
"craftyourworld-0040","https://craftyourworld-book-nft.s3.amazonaws.com/webp/40.json","https://craftyourworld-book-nft.s3.amazonaws.com/webp/Craftyourworld-cover-1-2-6-0.webp","{""name"":""Craft your world: Create a life worth living through entrepreneurship"",""description"":""#0040"",""fileName"":""Craftyourworld-cover-1-2-6-0"",""ipfs_hash"":""https://ipfs.io/ipfs/bafybeicd2ds3ptjwxo5gs57u5ac2n2vwblrgi6eboldzgp6dj2nvvpckwq"",""attributes"":{""icon"":""Formular1"",""bgColor"":""Pale Azure"",""backdrop"":""Arrow"",""signature"":""None""}}"
"craftyourworld-0041","https://craftyourworld-book-nft.s3.amazonaws.com/webp/41.json","https://craftyourworld-book-nft.s3.amazonaws.com/webp/Craftyourworld-cover-1-3-6-0.webp","{""name"":""Craft your world: Create a life worth living through entrepreneurship"",""description"":""#0041"",""fileName"":""Craftyourworld-cover-1-3-6-0"",""ipfs_hash"":""https://ipfs.io/ipfs/bafybeib6xzj6xtphe3vn7kcrn75duzbncwtak6clbrf36nsjj5nu7gr4ke"",""attributes"":{""icon"":""Formular1"",""bgColor"":""Tea Rose"",""backdrop"":""Arrow"",""signature"":""None""}}"
"craftyourworld-0042","https://craftyourworld-book-nft.s3.amazonaws.com/webp/42.json","https://craftyourworld-book-nft.s3.amazonaws.com/webp/Craftyourworld-cover-2-3-0-0.webp","{""name"":""Craft your world: Create a life worth living through entrepreneurship"",""description"":""#0042"",""fileName"":""Craftyourworld-cover-2-3-0-0"",""ipfs_hash"":""https://ipfs.io/ipfs/bafybeihjwsir2dzc6m2dzortuwfdev6o7kaun2z6dutp7h2fo6lju5r2cu"",""attributes"":{""icon"":""Jet"",""bgColor"":""Tea Rose"",""backdrop"":""None"",""signature"":""None""}}"
"craftyourworld-0043","https://craftyourworld-book-nft.s3.amazonaws.com/webp/43.json","https://craftyourworld-book-nft.s3.amazonaws.com/webp/Craftyourworld-cover-0-3-0-0.webp","{""name"":""Craft your world: Create a life worth living through entrepreneurship"",""description"":""#0043"",""fileName"":""Craftyourworld-cover-0-3-0-0"",""ipfs_hash"":""https://ipfs.io/ipfs/bafybeiaciqag22rlfndrt2imlc4aql53onu2yzsl5q4kpkzrjbnctf4s5u"",""attributes"":{""icon"":""Paper Plane"",""bgColor"":""Tea Rose"",""backdrop"":""None"",""signature"":""None""}}"
"craftyourworld-0044","https://craftyourworld-book-nft.s3.amazonaws.com/webp/44.json","https://craftyourworld-book-nft.s3.amazonaws.com/webp/Craftyourworld-cover-4-4-6-0.webp","{""name"":""Craft your world: Create a life worth living through entrepreneurship"",""description"":""#0044"",""fileName"":""Craftyourworld-cover-4-4-6-0"",""ipfs_hash"":""https://ipfs.io/ipfs/bafybeigc5mzf3maltj7z5i5vy5ifltx7ws37v36lpbsdoulld7kp2qgmsa"",""attributes"":{""icon"":""Rocket"",""bgColor"":""Tea Green"",""backdrop"":""Arrow"",""signature"":""None""}}"
"craftyourworld-0045","https://craftyourworld-book-nft.s3.amazonaws.com/webp/45.json","https://craftyourworld-book-nft.s3.amazonaws.com/webp/Craftyourworld-cover-3-4-2-0.webp","{""name"":""Craft your world: Create a life worth living through entrepreneurship"",""description"":""#0045"",""fileName"":""Craftyourworld-cover-3-4-2-0"",""ipfs_hash"":""https://ipfs.io/ipfs/bafybeigiqwbz5q22rnwj2jgtc6tnvkcri4gklqxumdjgcaxgurrxdgnz7y"",""attributes"":{""icon"":""Cessna"",""bgColor"":""Tea Green"",""backdrop"":""Hong Kong 2"",""signature"":""None""}}"
"craftyourworld-0046","https://craftyourworld-book-nft.s3.amazonaws.com/webp/46.json","https://craftyourworld-book-nft.s3.amazonaws.com/webp/Craftyourworld-cover-4-3-1-0.webp","{""name"":""Craft your world: Create a life worth living through entrepreneurship"",""description"":""#0046"",""fileName"":""Craftyourworld-cover-4-3-1-0"",""ipfs_hash"":""https://ipfs.io/ipfs/bafybeiexxqwfw73tmrjynnlbamiri47nbntfbuyivthbef4vqg4cfquozi"",""attributes"":{""icon"":""Rocket"",""bgColor"":""Tea Rose"",""backdrop"":""Hong Kong 1"",""signature"":""None""}}"
"craftyourworld-0047","https://craftyourworld-book-nft.s3.amazonaws.com/webp/47.json","https://craftyourworld-book-nft.s3.amazonaws.com/webp/Craftyourworld-cover-2-2-2-0.webp","{""name"":""Craft your world: Create a life worth living through entrepreneurship"",""description"":""#0047"",""fileName"":""Craftyourworld-cover-2-2-2-0"",""ipfs_hash"":""https://ipfs.io/ipfs/bafybeibfvhzaqffvclhz2scf54tvpfsqbvsyehza4g4jipwmlzbrl4opva"",""attributes"":{""icon"":""Jet"",""bgColor"":""Pale Azure"",""backdrop"":""Hong Kong 2"",""signature"":""None""}}"
"craftyourworld-0048","https://craftyourworld-book-nft.s3.amazonaws.com/webp/48.json","https://craftyourworld-book-nft.s3.amazonaws.com/webp/Craftyourworld-cover-4-2-6-0.webp","{""name"":""Craft your world: Create a life worth living through entrepreneurship"",""description"":""#0048"",""fileName"":""Craftyourworld-cover-4-2-6-0"",""ipfs_hash"":""https://ipfs.io/ipfs/bafybeidfqed32m2hosuswsa25yyn566cpvl6pai5af2ucz4gm32nsion7m"",""attributes"":{""icon"":""Rocket"",""bgColor"":""Pale Azure"",""backdrop"":""Arrow"",""signature"":""None""}}"
"craftyourworld-0049","https://craftyourworld-book-nft.s3.amazonaws.com/webp/49.json","https://craftyourworld-book-nft.s3.amazonaws.com/webp/Craftyourworld-cover-2-2-6-0.webp","{""name"":""Craft your world: Create a life worth living through entrepreneurship"",""description"":""#0049"",""fileName"":""Craftyourworld-cover-2-2-6-0"",""ipfs_hash"":""https://ipfs.io/ipfs/bafybeih3ds6h6thgw32aapcjc2ikqczuhnihlurqhjupksmiaibu6tzvj4"",""attributes"":{""icon"":""Jet"",""bgColor"":""Pale Azure"",""backdrop"":""Arrow"",""signature"":""None""}}"
"craftyourworld-0050","https://craftyourworld-book-nft.s3.amazonaws.com/webp/50.json","https://craftyourworld-book-nft.s3.amazonaws.com/webp/Craftyourworld-cover-1-4-6-0.webp","{""name"":""Craft your world: Create a life worth living through entrepreneurship"",""description"":""#0050"",""fileName"":""Craftyourworld-cover-1-4-6-0"",""ipfs_hash"":""https://ipfs.io/ipfs/bafybeiftz5tv4qy3e6vcavssyqwtp2poauaald323ce6we6fgsus4opjya"",""attributes"":{""icon"":""Formular1"",""bgColor"":""Tea Green"",""backdrop"":""Arrow"",""signature"":""None""}}"
"craftyourworld-0051","https://craftyourworld-book-nft.s3.amazonaws.com/webp/51.json","https://craftyourworld-book-nft.s3.amazonaws.com/webp/Craftyourworld-cover-2-2-0-0.webp","{""name"":""Craft your world: Create a life worth living through entrepreneurship"",""description"":""#0051"",""fileName"":""Craftyourworld-cover-2-2-0-0"",""ipfs_hash"":""https://ipfs.io/ipfs/bafybeicl237p4pid7dfv4skjwurocifj7grhr2uw4475ibdhymgcnomapu"",""attributes"":{""icon"":""Jet"",""bgColor"":""Pale Azure"",""backdrop"":""None"",""signature"":""None""}}"
"craftyourworld-0052","https://craftyourworld-book-nft.s3.amazonaws.com/webp/52.json","https://craftyourworld-book-nft.s3.amazonaws.com/webp/Craftyourworld-cover-1-4-1-0.webp","{""name"":""Craft your world: Create a life worth living through entrepreneurship"",""description"":""#0052"",""fileName"":""Craftyourworld-cover-1-4-1-0"",""ipfs_hash"":""https://ipfs.io/ipfs/bafybeibj3okwqx3s2kdgeuleiwq4hqsojcdtrx6tfwx6ciypyaiakn44xu"",""attributes"":{""icon"":""Formular1"",""bgColor"":""Tea Green"",""backdrop"":""Hong Kong 1"",""signature"":""None""}}"
"craftyourworld-0053","https://craftyourworld-book-nft.s3.amazonaws.com/webp/53.json","https://craftyourworld-book-nft.s3.amazonaws.com/webp/Craftyourworld-cover-0-3-1-0.webp","{""name"":""Craft your world: Create a life worth living through entrepreneurship"",""description"":""#0053"",""fileName"":""Craftyourworld-cover-0-3-1-0"",""ipfs_hash"":""https://ipfs.io/ipfs/bafybeicxgzvkvavywackms3vma7apqiirototngb3drx2ynp3xylorbfiu"",""attributes"":{""icon"":""Paper Plane"",""bgColor"":""Tea Rose"",""backdrop"":""Hong Kong 1"",""signature"":""None""}}"
"craftyourworld-0054","https://craftyourworld-book-nft.s3.amazonaws.com/webp/54.json","https://craftyourworld-book-nft.s3.amazonaws.com/webp/Craftyourworld-cover-4-3-6-0.webp","{""name"":""Craft your world: Create a life worth living through entrepreneurship"",""description"":""#0054"",""fileName"":""Craftyourworld-cover-4-3-6-0"",""ipfs_hash"":""https://ipfs.io/ipfs/bafybeiblk43u46ubhcyor3plp3esfflqsadqohx6fghjpcx3vl3gnj2t54"",""attributes"":{""icon"":""Rocket"",""bgColor"":""Tea Rose"",""backdrop"":""Arrow"",""signature"":""None""}}"
"craftyourworld-0055","https://craftyourworld-book-nft.s3.amazonaws.com/webp/55.json","https://craftyourworld-book-nft.s3.amazonaws.com/webp/Craftyourworld-cover-2-4-5-0.webp","{""name"":""Craft your world: Create a life worth living through entrepreneurship"",""description"":""#0055"",""fileName"":""Craftyourworld-cover-2-4-5-0"",""ipfs_hash"":""https://ipfs.io/ipfs/bafybeiha3dr5jqzonra33tmtd247vlewtpcjp5x2ft4hh2koy7hfxikvx4"",""attributes"":{""icon"":""Jet"",""bgColor"":""Tea Green"",""backdrop"":""Wave"",""signature"":""None""}}"
"craftyourworld-0056","https://craftyourworld-book-nft.s3.amazonaws.com/webp/56.json","https://craftyourworld-book-nft.s3.amazonaws.com/webp/Craftyourworld-cover-3-3-0-0.webp","{""name"":""Craft your world: Create a life worth living through entrepreneurship"",""description"":""#0056"",""fileName"":""Craftyourworld-cover-3-3-0-0"",""ipfs_hash"":""https://ipfs.io/ipfs/bafybeifyh7biulg522eguapmbhrt4kv3x5dx644rskp6bpvyqncwwv5h2q"",""attributes"":{""icon"":""Cessna"",""bgColor"":""Tea Rose"",""backdrop"":""None"",""signature"":""None""}}"
"craftyourworld-0057","https://craftyourworld-book-nft.s3.amazonaws.com/webp/57.json","https://craftyourworld-book-nft.s3.amazonaws.com/webp/Craftyourworld-cover-3-0-3-0.webp","{""name"":""Craft your world: Create a life worth living through entrepreneurship"",""description"":""#0057"",""fileName"":""Craftyourworld-cover-3-0-3-0"",""ipfs_hash"":""https://ipfs.io/ipfs/bafybeifzd23yu4wn7xqivk22qtnerzhmk4vag6vt4qh6rzngwhi5kqdqe4"",""attributes"":{""icon"":""Cessna"",""bgColor"":""Aureolin"",""backdrop"":""Washington DC"",""signature"":""None""}}"
"craftyourworld-0058","https://craftyourworld-book-nft.s3.amazonaws.com/webp/58.json","https://craftyourworld-book-nft.s3.amazonaws.com/webp/Craftyourworld-cover-4-3-0-0.webp","{""name"":""Craft your world: Create a life worth living through entrepreneurship"",""description"":""#0058"",""fileName"":""Craftyourworld-cover-4-3-0-0"",""ipfs_hash"":""https://ipfs.io/ipfs/bafybeihmumn624txmtnumgeeq3fiay2pqpve4rlvvxnujzvbz7tlytkahe"",""attributes"":{""icon"":""Rocket"",""bgColor"":""Tea Rose"",""backdrop"":""None"",""signature"":""None""}}"
"craftyourworld-0059","https://craftyourworld-book-nft.s3.amazonaws.com/webp/59.json","https://craftyourworld-book-nft.s3.amazonaws.com/webp/Craftyourworld-cover-2-1-0-1.webp","{""name"":""Craft your world: Create a life worth living through entrepreneurship"",""description"":""#0059"",""fileName"":""Craftyourworld-cover-2-1-0-1"",""ipfs_hash"":""https://ipfs.io/ipfs/bafybeicybu5dhqtvqatjqvv5fs7m3xkv3774gmhjkrtkseau2yhg2kz5vi"",""attributes"":{""icon"":""Jet"",""bgColor"":""Melon"",""backdrop"":""None"",""signature"":""Know Yourself""}}"
"craftyourworld-0060","https://craftyourworld-book-nft.s3.amazonaws.com/webp/60.json","https://craftyourworld-book-nft.s3.amazonaws.com/webp/Craftyourworld-cover-1-3-0-0.webp","{""name"":""Craft your world: Create a life worth living through entrepreneurship"",""description"":""#0060"",""fileName"":""Craftyourworld-cover-1-3-0-0"",""ipfs_hash"":""https://ipfs.io/ipfs/bafybeifisemduicl6ckteurqp4qgcmwygj3lpivx256wechg5vpivilloq"",""attributes"":{""icon"":""Formular1"",""bgColor"":""Tea Rose"",""backdrop"":""None"",""signature"":""None""}}"
"craftyourworld-0061","https://craftyourworld-book-nft.s3.amazonaws.com/webp/61.json","https://craftyourworld-book-nft.s3.amazonaws.com/webp/Craftyourworld-cover-3-0-0-0.webp","{""name"":""Craft your world: Create a life worth living through entrepreneurship"",""description"":""#0061"",""fileName"":""Craftyourworld-cover-3-0-0-0"",""ipfs_hash"":""https://ipfs.io/ipfs/bafybeiedttwo2ecjzsdjp3csol2zmonyeuw6yyi4wb6q7cf6r75vitpjwm"",""attributes"":{""icon"":""Cessna"",""bgColor"":""Aureolin"",""backdrop"":""None"",""signature"":""None""}}"
"craftyourworld-0062","https://craftyourworld-book-nft.s3.amazonaws.com/webp/62.json","https://craftyourworld-book-nft.s3.amazonaws.com/webp/Craftyourworld-cover-2-1-5-0.webp","{""name"":""Craft your world: Create a life worth living through entrepreneurship"",""description"":""#0062"",""fileName"":""Craftyourworld-cover-2-1-5-0"",""ipfs_hash"":""https://ipfs.io/ipfs/bafybeidszlvjhixyhgnk64dvbuzqidrsvi24fpexpbahx7e2xmboflbloa"",""attributes"":{""icon"":""Jet"",""bgColor"":""Melon"",""backdrop"":""Wave"",""signature"":""None""}}"
"craftyourworld-0063","https://craftyourworld-book-nft.s3.amazonaws.com/webp/63.json","https://craftyourworld-book-nft.s3.amazonaws.com/webp/Craftyourworld-cover-1-1-0-0.webp","{""name"":""Craft your world: Create a life worth living through entrepreneurship"",""description"":""#0063"",""fileName"":""Craftyourworld-cover-1-1-0-0"",""ipfs_hash"":""https://ipfs.io/ipfs/bafybeiec7pco4f7kioj7x2hm7iiokn6lgmryjzumowb6a3ken7eiubnnja"",""attributes"":{""icon"":""Formular1"",""bgColor"":""Melon"",""backdrop"":""None"",""signature"":""None""}}"
"craftyourworld-0064","https://craftyourworld-book-nft.s3.amazonaws.com/webp/64.json","https://craftyourworld-book-nft.s3.amazonaws.com/webp/Craftyourworld-cover-3-3-1-0.webp","{""name"":""Craft your world: Create a life worth living through entrepreneurship"",""description"":""#0064"",""fileName"":""Craftyourworld-cover-3-3-1-0"",""ipfs_hash"":""https://ipfs.io/ipfs/bafybeib2aam7l6k3r7vjdk2sfgwzzzmqwngmbvwpcnymfqw5pkm3hhnuvq"",""attributes"":{""icon"":""Cessna"",""bgColor"":""Tea Rose"",""backdrop"":""Hong Kong 1"",""signature"":""None""}}"
"craftyourworld-0065","https://craftyourworld-book-nft.s3.amazonaws.com/webp/65.json","https://craftyourworld-book-nft.s3.amazonaws.com/webp/Craftyourworld-cover-4-0-0-2.webp","{""name"":""Craft your world: Create a life worth living through entrepreneurship"",""description"":""#0065"",""fileName"":""Craftyourworld-cover-4-0-0-2"",""ipfs_hash"":""https://ipfs.io/ipfs/bafybeiddnxyj6ju4k6ksg6l6jw6yhp6fzy572i47tne6klasxwvjh6sm4y"",""attributes"":{""icon"":""Rocket"",""bgColor"":""Aureolin"",""backdrop"":""None"",""signature"":""Do what you love""}}"
"craftyourworld-0066","https://craftyourworld-book-nft.s3.amazonaws.com/webp/66.json","https://craftyourworld-book-nft.s3.amazonaws.com/webp/Craftyourworld-cover-3-0-1-0.webp","{""name"":""Craft your world: Create a life worth living through entrepreneurship"",""description"":""#0066"",""fileName"":""Craftyourworld-cover-3-0-1-0"",""ipfs_hash"":""https://ipfs.io/ipfs/bafybeie27laidpjdn74h33kfp5beiec3va2y4uv7boz3yykov5qhfcfyea"",""attributes"":{""icon"":""Cessna"",""bgColor"":""Aureolin"",""backdrop"":""Hong Kong 1"",""signature"":""None""}}"
"craftyourworld-0067","https://craftyourworld-book-nft.s3.amazonaws.com/webp/67.json","https://craftyourworld-book-nft.s3.amazonaws.com/webp/Craftyourworld-cover-0-2-0-0.webp","{""name"":""Craft your world: Create a life worth living through entrepreneurship"",""description"":""#0067"",""fileName"":""Craftyourworld-cover-0-2-0-0"",""ipfs_hash"":""https://ipfs.io/ipfs/bafybeibvzemzoosnxoiyj5fq6t2qqhbg2eqbgehzixjhmbmu4k2exaqagy"",""attributes"":{""icon"":""Paper Plane"",""bgColor"":""Pale Azure"",""backdrop"":""None"",""signature"":""None""}}"
"craftyourworld-0068","https://craftyourworld-book-nft.s3.amazonaws.com/webp/68.json","https://craftyourworld-book-nft.s3.amazonaws.com/webp/Craftyourworld-cover-0-1-6-0.webp","{""name"":""Craft your world: Create a life worth living through entrepreneurship"",""description"":""#0068"",""fileName"":""Craftyourworld-cover-0-1-6-0"",""ipfs_hash"":""https://ipfs.io/ipfs/bafybeibv5vwdq2j55wfbkp6ttazfmog4jhw2eewalxubqvg4ctvzqoavju"",""attributes"":{""icon"":""Paper Plane"",""bgColor"":""Melon"",""backdrop"":""Arrow"",""signature"":""None""}}"
"craftyourworld-0069","https://craftyourworld-book-nft.s3.amazonaws.com/webp/69.json","https://craftyourworld-book-nft.s3.amazonaws.com/webp/Craftyourworld-cover-0-0-6-0.webp","{""name"":""Craft your world: Create a life worth living through entrepreneurship"",""description"":""#0069"",""fileName"":""Craftyourworld-cover-0-0-6-0"",""ipfs_hash"":""https://ipfs.io/ipfs/bafybeihbo6wnm5unpxatlhdcado3kl7sretjziuj7xceu56iwk3zpweluy"",""attributes"":{""icon"":""Paper Plane"",""bgColor"":""Aureolin"",""backdrop"":""Arrow"",""signature"":""None""}}"
"craftyourworld-0070","https://craftyourworld-book-nft.s3.amazonaws.com/webp/70.json","https://craftyourworld-book-nft.s3.amazonaws.com/webp/Craftyourworld-cover-3-2-0-0.webp","{""name"":""Craft your world: Create a life worth living through entrepreneurship"",""description"":""#0070"",""fileName"":""Craftyourworld-cover-3-2-0-0"",""ipfs_hash"":""https://ipfs.io/ipfs/bafybeiaaudw55rtqzem7eopts2jdjtehvklmb7uxvpsx45rglj6p72bfb4"",""attributes"":{""icon"":""Cessna"",""bgColor"":""Pale Azure"",""backdrop"":""None"",""signature"":""None""}}"
"craftyourworld-0071","https://craftyourworld-book-nft.s3.amazonaws.com/webp/71.json","https://craftyourworld-book-nft.s3.amazonaws.com/webp/Craftyourworld-cover-3-3-2-0.webp","{""name"":""Craft your world: Create a life worth living through entrepreneurship"",""description"":""#0071"",""fileName"":""Craftyourworld-cover-3-3-2-0"",""ipfs_hash"":""https://ipfs.io/ipfs/bafybeidgru2mugenq4foas7nccjomb2nomduoc53wkehnjwf2cr5ytuy7i"",""attributes"":{""icon"":""Cessna"",""bgColor"":""Tea Rose"",""backdrop"":""Hong Kong 2"",""signature"":""None""}}"
"craftyourworld-0072","https://craftyourworld-book-nft.s3.amazonaws.com/webp/72.json","https://craftyourworld-book-nft.s3.amazonaws.com/webp/Craftyourworld-cover-1-2-0-0.webp","{""name"":""Craft your world: Create a life worth living through entrepreneurship"",""description"":""#0072"",""fileName"":""Craftyourworld-cover-1-2-0-0"",""ipfs_hash"":""https://ipfs.io/ipfs/bafybeial5yzitna2rko3np44siigsn5aefywl7vtj6ufpzjztpkezhoeqq"",""attributes"":{""icon"":""Formular1"",""bgColor"":""Pale Azure"",""backdrop"":""None"",""signature"":""None""}}"
"craftyourworld-0073","https://craftyourworld-book-nft.s3.amazonaws.com/webp/73.json","https://craftyourworld-book-nft.s3.amazonaws.com/webp/Craftyourworld-cover-3-3-4-0.webp","{""name"":""Craft your world: Create a life worth living through entrepreneurship"",""description"":""#0073"",""fileName"":""Craftyourworld-cover-3-3-4-0"",""ipfs_hash"":""https://ipfs.io/ipfs/bafybeidc63exxgyttryear2iauujmgdvqjoxujp55hij3gtvnqhj3euuqi"",""attributes"":{""icon"":""Cessna"",""bgColor"":""Tea Rose"",""backdrop"":""World"",""signature"":""None""}}"
"craftyourworld-0074","https://craftyourworld-book-nft.s3.amazonaws.com/webp/74.json","https://craftyourworld-book-nft.s3.amazonaws.com/webp/Craftyourworld-cover-1-1-6-0.webp","{""name"":""Craft your world: Create a life worth living through entrepreneurship"",""description"":""#0074"",""fileName"":""Craftyourworld-cover-1-1-6-0"",""ipfs_hash"":""https://ipfs.io/ipfs/bafybeicpdwg3pfkqasf37zzphxwnvxg2tzug222rsquxgikrymkse7lucy"",""attributes"":{""icon"":""Formular1"",""bgColor"":""Melon"",""backdrop"":""Arrow"",""signature"":""None""}}"
"craftyourworld-0075","https://craftyourworld-book-nft.s3.amazonaws.com/webp/75.json","https://craftyourworld-book-nft.s3.amazonaws.com/webp/Craftyourworld-cover-2-4-0-0.webp","{""name"":""Craft your world: Create a life worth living through entrepreneurship"",""description"":""#0075"",""fileName"":""Craftyourworld-cover-2-4-0-0"",""ipfs_hash"":""https://ipfs.io/ipfs/bafybeiavftmk775cc2mexe5gtct7zap2sdelqwllsv6q2vygq3hrwa237e"",""attributes"":{""icon"":""Jet"",""bgColor"":""Tea Green"",""backdrop"":""None"",""signature"":""None""}}"
"craftyourworld-0076","https://craftyourworld-book-nft.s3.amazonaws.com/webp/76.json","https://craftyourworld-book-nft.s3.amazonaws.com/webp/Craftyourworld-cover-4-2-0-0.webp","{""name"":""Craft your world: Create a life worth living through entrepreneurship"",""description"":""#0076"",""fileName"":""Craftyourworld-cover-4-2-0-0"",""ipfs_hash"":""https://ipfs.io/ipfs/bafybeicp6ipzr4hp3ysqvqgtkgj3k4qyhutn36lc3oyhaxzlm3hxvnsifu"",""attributes"":{""icon"":""Rocket"",""bgColor"":""Pale Azure"",""backdrop"":""None"",""signature"":""None""}}"
"craftyourworld-0077","https://craftyourworld-book-nft.s3.amazonaws.com/webp/77.json","https://craftyourworld-book-nft.s3.amazonaws.com/webp/Craftyourworld-cover-2-3-4-0.webp","{""name"":""Craft your world: Create a life worth living through entrepreneurship"",""description"":""#0077"",""fileName"":""Craftyourworld-cover-2-3-4-0"",""ipfs_hash"":""https://ipfs.io/ipfs/bafybeiags66f4qlwtxyvqvs7gj3hvhvhuyzufkxcgemhu5z2btzwrcjdyu"",""attributes"":{""icon"":""Jet"",""bgColor"":""Tea Rose"",""backdrop"":""World"",""signature"":""None""}}"
"craftyourworld-0078","https://craftyourworld-book-nft.s3.amazonaws.com/webp/78.json","https://craftyourworld-book-nft.s3.amazonaws.com/webp/Craftyourworld-cover-0-0-5-0.webp","{""name"":""Craft your world: Create a life worth living through entrepreneurship"",""description"":""#0078"",""fileName"":""Craftyourworld-cover-0-0-5-0"",""ipfs_hash"":""https://ipfs.io/ipfs/bafybeica7yrsjeqwyfgotcytk7eyfr63anil5xvnegh3wbcyqwcuwqvmeq"",""attributes"":{""icon"":""Paper Plane"",""bgColor"":""Aureolin"",""backdrop"":""Wave"",""signature"":""None""}}"
"craftyourworld-0079","https://craftyourworld-book-nft.s3.amazonaws.com/webp/79.json","https://craftyourworld-book-nft.s3.amazonaws.com/webp/Craftyourworld-cover-3-4-1-0.webp","{""name"":""Craft your world: Create a life worth living through entrepreneurship"",""description"":""#0079"",""fileName"":""Craftyourworld-cover-3-4-1-0"",""ipfs_hash"":""https://ipfs.io/ipfs/bafybeifxfpxhtifw3p2rei7vlxjkw5y22puwqsyzgrlejnriwutqfk276y"",""attributes"":{""icon"":""Cessna"",""bgColor"":""Tea Green"",""backdrop"":""Hong Kong 1"",""signature"":""None""}}"
"craftyourworld-0080","https://craftyourworld-book-nft.s3.amazonaws.com/webp/80.json","https://craftyourworld-book-nft.s3.amazonaws.com/webp/Craftyourworld-cover-1-3-1-0.webp","{""name"":""Craft your world: Create a life worth living through entrepreneurship"",""description"":""#0080"",""fileName"":""Craftyourworld-cover-1-3-1-0"",""ipfs_hash"":""https://ipfs.io/ipfs/bafybeiax25hmmygrg4nwavlsmf7bj6m6jej32mab6dlhpxgjlk7eoj7jqa"",""attributes"":{""icon"":""Formular1"",""bgColor"":""Tea Rose"",""backdrop"":""Hong Kong 1"",""signature"":""None""}}"
"craftyourworld-0081","https://craftyourworld-book-nft.s3.amazonaws.com/webp/81.json","https://craftyourworld-book-nft.s3.amazonaws.com/webp/Craftyourworld-cover-1-0-0-0.webp","{""name"":""Craft your world: Create a life worth living through entrepreneurship"",""description"":""#0081"",""fileName"":""Craftyourworld-cover-1-0-0-0"",""ipfs_hash"":""https://ipfs.io/ipfs/bafybeief6bfp5jgzml2k7sql46cufpwdozbuemav62ggn2qks7ngclm674"",""attributes"":{""icon"":""Formular1"",""bgColor"":""Aureolin"",""backdrop"":""None"",""signature"":""None""}}"
"craftyourworld-0082","https://craftyourworld-book-nft.s3.amazonaws.com/webp/82.json","https://craftyourworld-book-nft.s3.amazonaws.com/webp/Craftyourworld-cover-4-4-1-0.webp","{""name"":""Craft your world: Create a life worth living through entrepreneurship"",""description"":""#0082"",""fileName"":""Craftyourworld-cover-4-4-1-0"",""ipfs_hash"":""https://ipfs.io/ipfs/bafybeig2c2amlkp3busgu67yrovjd6rlg3yp4p6tjhjq53yhivhbpcpcl4"",""attributes"":{""icon"":""Rocket"",""bgColor"":""Tea Green"",""backdrop"":""Hong Kong 1"",""signature"":""None""}}"
"craftyourworld-0083","https://craftyourworld-book-nft.s3.amazonaws.com/webp/83.json","https://craftyourworld-book-nft.s3.amazonaws.com/webp/Craftyourworld-cover-2-3-1-0.webp","{""name"":""Craft your world: Create a life worth living through entrepreneurship"",""description"":""#0083"",""fileName"":""Craftyourworld-cover-2-3-1-0"",""ipfs_hash"":""https://ipfs.io/ipfs/bafybeif3e6nc2dzg25jqxyqkj4pyhfzfxezjzrqn46k3tsz2u342xhp3em"",""attributes"":{""icon"":""Jet"",""bgColor"":""Tea Rose"",""backdrop"":""Hong Kong 1"",""signature"":""None""}}"
"craftyourworld-0084","https://craftyourworld-book-nft.s3.amazonaws.com/webp/84.json","https://craftyourworld-book-nft.s3.amazonaws.com/webp/Craftyourworld-cover-0-4-2-0.webp","{""name"":""Craft your world: Create a life worth living through entrepreneurship"",""description"":""#0084"",""fileName"":""Craftyourworld-cover-0-4-2-0"",""ipfs_hash"":""https://ipfs.io/ipfs/bafybeif5nymgxnli7gr2kxvnelkjajb3uwux4mgvudvoilfeuhfjbckxia"",""attributes"":{""icon"":""Paper Plane"",""bgColor"":""Tea Green"",""backdrop"":""Hong Kong 2"",""signature"":""None""}}"
"craftyourworld-0085","https://craftyourworld-book-nft.s3.amazonaws.com/webp/85.json","https://craftyourworld-book-nft.s3.amazonaws.com/webp/Craftyourworld-cover-4-1-6-0.webp","{""name"":""Craft your world: Create a life worth living through entrepreneurship"",""description"":""#0085"",""fileName"":""Craftyourworld-cover-4-1-6-0"",""ipfs_hash"":""https://ipfs.io/ipfs/bafybeiaop3z7hinfgq7n4k5jwc3facf544r7typ6365jewhfsiqmyawwcm"",""attributes"":{""icon"":""Rocket"",""bgColor"":""Melon"",""backdrop"":""Arrow"",""signature"":""None""}}"
"craftyourworld-0086","https://craftyourworld-book-nft.s3.amazonaws.com/webp/86.json","https://craftyourworld-book-nft.s3.amazonaws.com/webp/Craftyourworld-cover-4-2-4-0.webp","{""name"":""Craft your world: Create a life worth living through entrepreneurship"",""description"":""#0086"",""fileName"":""Craftyourworld-cover-4-2-4-0"",""ipfs_hash"":""https://ipfs.io/ipfs/bafybeidnhurkhchvy3bsaltcmuljqb2ah6r23jke5fati5a2vccxawbxim"",""attributes"":{""icon"":""Rocket"",""bgColor"":""Pale Azure"",""backdrop"":""World"",""signature"":""None""}}"
"craftyourworld-0087","https://craftyourworld-book-nft.s3.amazonaws.com/webp/87.json","https://craftyourworld-book-nft.s3.amazonaws.com/webp/Craftyourworld-cover-3-4-0-0.webp","{""name"":""Craft your world: Create a life worth living through entrepreneurship"",""description"":""#0087"",""fileName"":""Craftyourworld-cover-3-4-0-0"",""ipfs_hash"":""https://ipfs.io/ipfs/bafybeigbwn2qdtiwx64hlp3bcnuf2cjjkwh5enf5wtqtdrqkqreyo6msjm"",""attributes"":{""icon"":""Cessna"",""bgColor"":""Tea Green"",""backdrop"":""None"",""signature"":""None""}}"
"craftyourworld-0088","https://craftyourworld-book-nft.s3.amazonaws.com/webp/88.json","https://craftyourworld-book-nft.s3.amazonaws.com/webp/Craftyourworld-cover-4-3-4-0.webp","{""name"":""Craft your world: Create a life worth living through entrepreneurship"",""description"":""#0088"",""fileName"":""Craftyourworld-cover-4-3-4-0"",""ipfs_hash"":""https://ipfs.io/ipfs/bafybeicfawuvzluz7jjwt3sqnph6w6r3t26wkxopc54ag5yqawloh2mxoy"",""attributes"":{""icon"":""Rocket"",""bgColor"":""Tea Rose"",""backdrop"":""World"",""signature"":""None""}}"
"craftyourworld-0089","https://craftyourworld-book-nft.s3.amazonaws.com/webp/89.json","https://craftyourworld-book-nft.s3.amazonaws.com/webp/Craftyourworld-cover-1-2-5-0.webp","{""name"":""Craft your world: Create a life worth living through entrepreneurship"",""description"":""#0089"",""fileName"":""Craftyourworld-cover-1-2-5-0"",""ipfs_hash"":""https://ipfs.io/ipfs/bafybeigh62ubbjj4sx2bruwd7elyelq3jnmrh6ciq7h2jca3af7pdqrjku"",""attributes"":{""icon"":""Formular1"",""bgColor"":""Pale Azure"",""backdrop"":""Wave"",""signature"":""None""}}"
"craftyourworld-0090","https://craftyourworld-book-nft.s3.amazonaws.com/webp/90.json","https://craftyourworld-book-nft.s3.amazonaws.com/webp/Craftyourworld-cover-2-4-1-0.webp","{""name"":""Craft your world: Create a life worth living through entrepreneurship"",""description"":""#0090"",""fileName"":""Craftyourworld-cover-2-4-1-0"",""ipfs_hash"":""https://ipfs.io/ipfs/bafybeifsfwxvo6icuq47vlhyoyqz6vu6sug2otid77pkuy7ts323mxqqoi"",""attributes"":{""icon"":""Jet"",""bgColor"":""Tea Green"",""backdrop"":""Hong Kong 1"",""signature"":""None""}}"
"craftyourworld-0091","https://craftyourworld-book-nft.s3.amazonaws.com/webp/91.json","https://craftyourworld-book-nft.s3.amazonaws.com/webp/Craftyourworld-cover-2-1-6-0.webp","{""name"":""Craft your world: Create a life worth living through entrepreneurship"",""description"":""#0091"",""fileName"":""Craftyourworld-cover-2-1-6-0"",""ipfs_hash"":""https://ipfs.io/ipfs/bafybeic32kqvtox6gqzmxoga6qhoibasastf2lqs5dmugkmxg2xzq2agvq"",""attributes"":{""icon"":""Jet"",""bgColor"":""Melon"",""backdrop"":""Arrow"",""signature"":""None""}}"
"craftyourworld-0092","https://craftyourworld-book-nft.s3.amazonaws.com/webp/92.json","https://craftyourworld-book-nft.s3.amazonaws.com/webp/Craftyourworld-cover-3-4-4-0.webp","{""name"":""Craft your world: Create a life worth living through entrepreneurship"",""description"":""#0092"",""fileName"":""Craftyourworld-cover-3-4-4-0"",""ipfs_hash"":""https://ipfs.io/ipfs/bafybeidkvc4styi6is42qvcfim3sa7dfdefgykimdfjg4qf6t6fouundv4"",""attributes"":{""icon"":""Cessna"",""bgColor"":""Tea Green"",""backdrop"":""World"",""signature"":""None""}}"
"craftyourworld-0093","https://craftyourworld-book-nft.s3.amazonaws.com/webp/93.json","https://craftyourworld-book-nft.s3.amazonaws.com/webp/Craftyourworld-cover-0-1-5-0.webp","{""name"":""Craft your world: Create a life worth living through entrepreneurship"",""description"":""#0093"",""fileName"":""Craftyourworld-cover-0-1-5-0"",""ipfs_hash"":""https://ipfs.io/ipfs/bafybeidcsm3ziut2xqeok3lawf7vlcmzhtsum563tf5ytavikrkc7pocja"",""attributes"":{""icon"":""Paper Plane"",""bgColor"":""Melon"",""backdrop"":""Wave"",""signature"":""None""}}"
"craftyourworld-0094","https://craftyourworld-book-nft.s3.amazonaws.com/webp/94.json","https://craftyourworld-book-nft.s3.amazonaws.com/webp/Craftyourworld-cover-1-4-0-0.webp","{""name"":""Craft your world: Create a life worth living through entrepreneurship"",""description"":""#0094"",""fileName"":""Craftyourworld-cover-1-4-0-0"",""ipfs_hash"":""https://ipfs.io/ipfs/bafybeihfk6bdgr24q6jizpm3mix6x4q56nipjgvj7wlt4tfgtddnsdflz4"",""attributes"":{""icon"":""Formular1"",""bgColor"":""Tea Green"",""backdrop"":""None"",""signature"":""None""}}"
"craftyourworld-0095","https://craftyourworld-book-nft.s3.amazonaws.com/webp/95.json","https://craftyourworld-book-nft.s3.amazonaws.com/webp/Craftyourworld-cover-4-4-2-0.webp","{""name"":""Craft your world: Create a life worth living through entrepreneurship"",""description"":""#0095"",""fileName"":""Craftyourworld-cover-4-4-2-0"",""ipfs_hash"":""https://ipfs.io/ipfs/bafybeihemwia6uyd2qffsnqpi2o5r5uhekzzjdqh62bopmzh2ptqe3ir7e"",""attributes"":{""icon"":""Rocket"",""bgColor"":""Tea Green"",""backdrop"":""Hong Kong 2"",""signature"":""None""}}"
"craftyourworld-0096","https://craftyourworld-book-nft.s3.amazonaws.com/webp/96.json","https://craftyourworld-book-nft.s3.amazonaws.com/webp/Craftyourworld-cover-2-0-0-0.webp","{""name"":""Craft your world: Create a life worth living through entrepreneurship"",""description"":""#0096"",""fileName"":""Craftyourworld-cover-2-0-0-0"",""ipfs_hash"":""https://ipfs.io/ipfs/bafybeiecqdnynxzup76g7nldwcdkupgh4atbzn2j25ojhojubdzw5fqb5m"",""attributes"":{""icon"":""Jet"",""bgColor"":""Aureolin"",""backdrop"":""None"",""signature"":""None""}}"
"craftyourworld-0097","https://craftyourworld-book-nft.s3.amazonaws.com/webp/97.json","https://craftyourworld-book-nft.s3.amazonaws.com/webp/Craftyourworld-cover-1-0-6-0.webp","{""name"":""Craft your world: Create a life worth living through entrepreneurship"",""description"":""#0097"",""fileName"":""Craftyourworld-cover-1-0-6-0"",""ipfs_hash"":""https://ipfs.io/ipfs/bafybeib47vrbs53cu6zmcjlcg3eglsomicq76uwcu4z36zbsb4kwc6vr2a"",""attributes"":{""icon"":""Formular1"",""bgColor"":""Aureolin"",""backdrop"":""Arrow"",""signature"":""None""}}"
"craftyourworld-0098","https://craftyourworld-book-nft.s3.amazonaws.com/webp/98.json","https://craftyourworld-book-nft.s3.amazonaws.com/webp/Craftyourworld-cover-0-0-3-0.webp","{""name"":""Craft your world: Create a life worth living through entrepreneurship"",""description"":""#0098"",""fileName"":""Craftyourworld-cover-0-0-3-0"",""ipfs_hash"":""https://ipfs.io/ipfs/bafybeihsr3jezwsby22sbdxiwk6mc7xdhu62pnnxox6ngbqnxpgguosx3e"",""attributes"":{""icon"":""Paper Plane"",""bgColor"":""Aureolin"",""backdrop"":""Washington DC"",""signature"":""None""}}"
"craftyourworld-0099","https://craftyourworld-book-nft.s3.amazonaws.com/webp/99.json","https://craftyourworld-book-nft.s3.amazonaws.com/webp/Craftyourworld-cover-0-2-5-0.webp","{""name"":""Craft your world: Create a life worth living through entrepreneurship"",""description"":""#0099"",""fileName"":""Craftyourworld-cover-0-2-5-0"",""ipfs_hash"":""https://ipfs.io/ipfs/bafybeibbm7xkuwgtmf3di5ao5yp4n3c35u2m3uuqnlugsrgahmwombcf24"",""attributes"":{""icon"":""Paper Plane"",""bgColor"":""Pale Azure"",""backdrop"":""Wave"",""signature"":""None""}}"
"craftyourworld-0100","https://craftyourworld-book-nft.s3.amazonaws.com/webp/100.json","https://craftyourworld-book-nft.s3.amazonaws.com/webp/Craftyourworld-cover-0-2-1-1.webp","{""name"":""Craft your world: Create a life worth living through entrepreneurship"",""description"":""#0100"",""fileName"":""Craftyourworld-cover-0-2-1-1"",""ipfs_hash"":""https://ipfs.io/ipfs/bafybeicqums35i2cchtzdy2wja2itmdrlwfc6tx4h7uihsuvjknotrx3jm"",""attributes"":{""icon"":""Paper Plane"",""bgColor"":""Pale Azure"",""backdrop"":""Hong Kong 1"",""signature"":""Know Yourself""}}"